channel_url,channel_title
http://www.youtube.com/channel/UC-8QAzbLcRglXeN_MY9blyw,Ben Awad
http://www.youtube.com/channel/UC-91UA-Xy2Cvb98deRXuggA,Joshua Fluke
http://www.youtube.com/channel/UC-JbqbIdY6VZFZUcai-SPqw,BlindingSunriseブライディング・サンライズ
http://www.youtube.com/channel/UC0C-w0YjGpqDXGB8IHb662A,Ed Sheeran
http://www.youtube.com/channel/UC1WmwCJ9--rmXuJ9lC4iNDQ,SpaceX LIVE
http://www.youtube.com/channel/UC1s5LtohsQt-rVUPmfeEecA,TheSingleGuy
http://www.youtube.com/channel/UC2PaSHNwAi0zxf_jM_Atsqg,CartoonHooligans
http://www.youtube.com/channel/UC2VKCoZND5PENxAXLl8r6Jw,christianvib
http://www.youtube.com/channel/UC3IjgjgWtpLTCrR0shGXKVg,SeanDoesMagic
http://www.youtube.com/channel/UC40gs0opj389ohjLnJIAJzA,Jonathan Young
http://www.youtube.com/channel/UC4rlAVgAK0SGk-yTfe48Qpw,BRIGHT SIDE
http://www.youtube.com/channel/UC599MoN2FAQyhHeopdKDHqA,Our Last Night
http://www.youtube.com/channel/UC8THb_fnOptyVgpi3xuCd-A,LeeandLie (AmaLee)
http://www.youtube.com/channel/UCA43Fu3hI9H3FHwoPIwYC7w,SolenceOfficial
http://www.youtube.com/channel/UCAX7SvpaLzljO5n6fbTw9nQ,Charles The French
http://www.youtube.com/channel/UCAayZDDj3uom0QpSJiwLoUw,Bring Me The Horizon
http://www.youtube.com/channel/UCAczJcKcJ_cA5w_PVS3o8aw,Cole Rolland
http://www.youtube.com/channel/UCAjA4SbeRNqig8NdNszDBsA,DW Travel
http://www.youtube.com/channel/UCAuUUnT6oDeKwE6v1NGQxug,TED
http://www.youtube.com/channel/UCBIt1VN5j37PVM8LLSuTTlw,Improvement Pill
http://www.youtube.com/channel/UCBJycsmduvYEL83R_U4JriQ,Marques Brownlee
http://www.youtube.com/channel/UCC8qwnEICD8wn76k30At4Hw,Bricklayer Brothers
http://www.youtube.com/channel/UCD7KU_n4CuC50laQLvKP-mA,Jhanzou
http://www.youtube.com/channel/UCEU9D6KIShdLeTRyH3IdSvw,It's FOSS - Linux Portal
http://www.youtube.com/channel/UCEs-zSwH2NYGskxF-ptoT1w,Steve TV Show
http://www.youtube.com/channel/UCEybzfsG2WI4Hnx5hpd2uRA,Alex Pandrea
http://www.youtube.com/channel/UCGy7SkBjcIAgTiwkXEtPnYg,Andrei Jikh
http://www.youtube.com/channel/UCIiSwcm9xiFb3Y4wjzR41eQ,OMG! UBUNTU!
http://www.youtube.com/channel/UCJ6td3C9QlPO9O_J5dF4ZzA,Monstercat Uncaged
http://www.youtube.com/channel/UCJDON3eLf8709E9YfjAgLOw,Three Days Grace
http://www.youtube.com/channel/UCJY2MPA8T9OTG7dw_MqDlUg,MaximBady
http://www.youtube.com/channel/UCJbPGzawDH1njbqV-D5HqKw,thenewboston
http://www.youtube.com/channel/UCK97MoCobJZH3n3lxdlsraQ,Sara Farell
http://www.youtube.com/channel/UCMGw5u3Yqb6crAtxznj8kxw,Yair Sasson Art
http://www.youtube.com/channel/UCMilwBK9hIm3epYCrY1UiMQ,Slyfer2812
http://www.youtube.com/channel/UCNo5PGwGmfnEprEUUb9AGgw,AaronsAnimals
http://www.youtube.com/channel/UCO1cgjhGzsSYb1rsB4bFe4Q,Fun Fun Function
http://www.youtube.com/channel/UCP0_k4INXrwPS6HhIyYqsTg,Steven He
http://www.youtube.com/channel/UCPKgIhTC3BdkAwMw6s-GEug,TheDooo
http://www.youtube.com/channel/UCPPvWOYfw0xkxK-c9sQowYQ,Tributer Craft
http://www.youtube.com/channel/UCQG4cX86zZ51IU2cerZgPSA,Awkward Puppets
http://www.youtube.com/channel/UCQXBq7djFA_xTSVgNGLJ0LQ,Let's Meet Abroad
http://www.youtube.com/channel/UCR9gMSj0UUxGvgfpNhhF3Jw,Amy Landino
http://www.youtube.com/channel/UCRB6HIt58RTPKA9wFm-JLIg,カサ (KASA)
http://www.youtube.com/channel/UCRKLbENeRzbmbHhUFqf7Zow,Tribute to Lezbeepic
http://www.youtube.com/channel/UCRq8WvO55Cnk6GY-WT07KHg,Iz Harris
http://www.youtube.com/channel/UCTEWf5sHzhILGFwY7jspcnQ,The Gentlemen's Game
http://www.youtube.com/channel/UCV-hwVczs0GQRApxZS4TUNA,AcousticTrench
http://www.youtube.com/channel/UCV5vRGJYbGN6TL8245QeHOg,Mike Shinoda
http://www.youtube.com/channel/UCW39zufHfsuGgpLviKh297Q,DW Documentary
http://www.youtube.com/channel/UCW5YeuERMmlnqo4oq8vwUpg,The Net Ninja
http://www.youtube.com/channel/UCX6OQ3DkcsbYNE6H8uQQuVA,MrBeast
http://www.youtube.com/channel/UCZU9T1ceaOgwfLRq7OKFU4Q,Linkin Park
http://www.youtube.com/channel/UCZwegPHTG4gvnR0WLzaq5OQ,Learn German with Anja
http://www.youtube.com/channel/UC_aEa8K-EOJ3D6gOs7HcyNg,NoCopyrightSounds
http://www.youtube.com/channel/UCaDDK5m9CGCzE4xhZTFC6cA,Saarland Informatics Campus
http://www.youtube.com/channel/UCaWd5_7JhbQBe4dknZhsHJg,WatchMojo.com
http://www.youtube.com/channel/UCbV60AGIHKz2xIGvbk0LLvg,Jay Shetty
http://www.youtube.com/channel/UCbxCR9QT9YTuUa4ONm7zAaA,Feli from Germany
http://www.youtube.com/channel/UCcE10s4MFy4eed7q7QkonZg,First To Eleven
http://www.youtube.com/channel/UCd21m0AHf4Vx88Znty7v4Cw,ViniiTube
http://www.youtube.com/channel/UCftwRNsjfRo08xYE31tkiyw,WIRED
http://www.youtube.com/channel/UCgJgDI5G8PaaVOrLd0Z_Cxg,BRAINY DOSE
http://www.youtube.com/channel/UCgN1463ngpGdCpAbCBGFteg,IPrevailBand
http://www.youtube.com/channel/UCgc00bfF_PvO_2AvqJZHXFg,Boyce Avenue
http://www.youtube.com/channel/UCh39lN7FQ3vG3EtPyvBf91w,The Black Forest Family
http://www.youtube.com/channel/UChYs-_zjKRYhdMddjx-NPLw,Singh in USA
http://www.youtube.com/channel/UChv5aPDGMgNS0og2G-eL20w,Namaste from USA
http://www.youtube.com/channel/UCi2rNogXeswPLmcHxl7tHPA,Jimmy O Yang
http://www.youtube.com/channel/UCiAq_SU0ED1C6vWFMnw8Ekg,The Food Ranger
http://www.youtube.com/channel/UCivHZmJcD6mvSrpkI9k9htg,SalmoN TheBrownFish
http://www.youtube.com/channel/UCjNgqJ_FMLntYVzq7daw1TQ,Dhruv Rathee Vlogs
http://www.youtube.com/channel/UCjPNfEfxGTNA4dqJMw8D2Xw,Wasif Haque
http://www.youtube.com/channel/UCjTMOi3cpslA7JUmPdfD6MQ,Tripp Advice
http://www.youtube.com/channel/UCk7Us0iUKGc0q1m0lVVVYQg,Jason Richardson
http://www.youtube.com/channel/UCkmGqbPKl9p8qGMTi-h4rgQ,Radical Living
http://www.youtube.com/channel/UCknLrEdhRCp1aegoMqRaCZg,DW News
http://www.youtube.com/channel/UClG1kIGreMCa_KR9Zhgb7yA,Janick Thibault
http://www.youtube.com/channel/UCnpz3eMa1IJcgsSU15W0H3Q,Bharat in Germany!
http://www.youtube.com/channel/UCpHqiz1v7qK7waDT19E3oHQ,anynines
http://www.youtube.com/channel/UCplkk3J5wrEl0TNrthHjq4Q,Kurt Hugo Schneider
http://www.youtube.com/channel/UCq8DICunczvLuJJq414110A,Zach King
http://www.youtube.com/channel/UCqRTj-Nu_8to3jIBlXptOtA,Nomadic Ambience
http://www.youtube.com/channel/UCqa2MPu8bLY1PwVFUpSyVhQ,HiHo Kids
http://www.youtube.com/channel/UCrroaGjAjAjqXEjqdsjLMIw,Currently Hannah
http://www.youtube.com/channel/UCsBjURrPoezykLs9EqgamOA,Fireship
http://www.youtube.com/channel/UCsTcErHg8oDvUnTzoqsYeNw,Unbox Therapy
http://www.youtube.com/channel/UCsXVk37bltHxD1rDPwtNM8Q,Kurzgesagt – In a Nutshell
http://www.youtube.com/channel/UCsooa4yRKGN_zEE8iknghZA,TED-Ed
http://www.youtube.com/channel/UCtQEjfEFzba37ozoXK40r3w,How to Beast
http://www.youtube.com/channel/UCv8xpzILpS2IKEd8CUuGd-Q,Thousand Foot Krutch
http://www.youtube.com/channel/UCvC4D8onUfXzvjTOM-dBfEA,Marvel Entertainment
http://www.youtube.com/channel/UCvDBqH87XVRQ31nz0JXLPGg,RiseAgainst
http://www.youtube.com/channel/UCvKlra4p9V4eCNjJXWOVhnw,How to Beast Shorts
http://www.youtube.com/channel/UCvRP2JVdPZxPqdLFsv_VTmQ,The Dogecoin Millionaire
http://www.youtube.com/channel/UCvpfclapgcuJo0M_x65pfRw,Beebom
http://www.youtube.com/channel/UCwBbMFWNXtt1v5BzPqfmVUQ,lezbeepic
http://www.youtube.com/channel/UCwZjwyzxDaYPXHEpBOJHIQA,KingStix
http://www.youtube.com/channel/UCwppdrjsBPAZg5_cUwQjfMQ,Charlie Puth
http://www.youtube.com/channel/UCxX9wt5FWQUAAz4UrysqK9A,CS Dojo
http://www.youtube.com/channel/UCyR3jMVUgZadX9dHjuKFuMQ,JustPearlyThings
http://www.youtube.com/channel/UCyYTkZ_ACRrbE1OV0rPngXw,Courtney Ryan
http://www.youtube.com/channel/UCzytCDsXyuClCG1S7SzjslA,The Rusty Lion