video_title,video_url
Omni Man and Cecil confrontation(Invincible series : E7 - We Need to Talk),https://www.youtube.com/watch?v=om4kdCia0rM
Kuroko and Midorima epic moment!,https://www.youtube.com/watch?v=x9TzeLXM4g4
Devil May Cry 5 - Gangsta's Paradise | The Sons of Sparda Cinematic Tribute!,https://www.youtube.com/watch?v=nrHtaR0CsgY
"Revealing My $200,000 Investment",https://www.youtube.com/watch?v=FAZAbwHCxVw
A sample of Justice League: The Flashpoint Paradox,https://www.youtube.com/watch?v=NfLxXoLAI08
Flash is captured by Reverse Flash | Justice League: The Flashpoint Paradox,https://www.youtube.com/watch?v=woLrMtVRIWE
10x07-dean talking to cole,https://www.youtube.com/watch?v=R5MYEOaTBoc
"The Flash with ""Insane Speed Boost"" saves the City Scene | The Flash 7x11",https://www.youtube.com/watch?v=8q7y__aVa78
Barry Allen Gets Lightning From Speed Force To Stop Nuclear Blast!!!!! â€“ The Flash 4x15,https://www.youtube.com/watch?v=ouVSkiDTc2s
"INCEPTION - ""Because we'll be together""",https://www.youtube.com/watch?v=CrqWLvNSYtM
Genos and saitama vs Sonic reaction | One Punch Man Season 2 Mashup Reaction HD,https://www.youtube.com/watch?v=IUU1EE2Z4JU
TENET 2020 Ending scene. Protagonist notices that Neil has a red string on his back,https://www.youtube.com/watch?v=tAth4SZ2tto
Mob vs Koyama Full Fight (60fps),https://www.youtube.com/watch?v=nJlmcQA_dVQ
Attack On Titan Season 2 English Dub - Reiner & Bertholdt's Transformation,https://www.youtube.com/watch?v=rx5PzsN1Q7g
GENOS vs SPEED-O-SOUND SONIC || SAITAMA SERIOUS SERIES || ONE PUNCH MAN MOMENTS || ENGLISH DUB HD,https://www.youtube.com/watch?v=7cwOISuZqWY
